Role,Skills
DevOps Engineer,AWS Docker Kubernetes CI/CD Linux Terraform Jenkins
Data Scientist,Python SQL ML Pandas Statistics TensorFlow Jupyter
Backend Developer,Python Java Node.js REST API PostgreSQL Redis Django
Cloud Architect,AWS Azure GCP Networking Terraform Serverless Security
Frontend Developer,JavaScript React CSS HTML TypeScript Webpack Figma
Machine Learning Engineer,Python TensorFlow PyTorch ML DeepLearning Scikit-Learn Keras
Cybersecurity Analyst,Networking Firewalls Firewall Linux Encryption SIEM Python Forensics
Full Stack Developer,JavaScript Python React Node.js MongoDB REST API Docker
Database Administrator,SQL PostgreSQL MySQL MongoDB Redis Optimization Backup
AI Research Scientist,Python PyTorch Research Math DeepLearning NLP ComputerVision
Data Engineer,Python SQL Spark Hadoop ETL Airflow Snowflake DataWarehousing
Mobile Developer,Swift Kotlin Flutter React-Native iOS Android Mobile Git
QA Automation Engineer,Python Selenium JavaScript JUnit QA Automation CI/CD Testing
Product Manager,Agile Scrum Product-Roadmap Jira Analytics Communication UX
UI/UX Designer,Figma Wireframing Prototyping UI-Design UX-Research Adobe-XD User-Testing
Embedded Systems Engineer,C C++ Embedded-C Microcontrollers RTOS IoT Linux Robotics Firmware
